{
    "name": "root",
    "metadata": {
        "timer_format_version": "0.1.0",
        "start_time_seconds": "1605288656",
        "python_version": "3.7.9 (tags/v3.7.9:13c94747c7, Aug 17 2020, 18:58:18) [MSC v.1900 64 bit (AMD64)]",
        "command_line_arguments": "C:\\Users\\patte\\AppData\\Local\\Programs\\Python\\Python37\\Scripts\\mlagents-learn config/agent_config.yaml --run-id=Nov13Test1 --force",
        "mlagents_version": "0.20.0",
        "mlagents_envs_version": "0.20.0",
        "communication_protocol_version": "1.1.0",
        "tensorflow_version": "2.3.1",
        "numpy_version": "1.18.5",
        "end_time_seconds": "1605288899"
    },
    "total": 243.2330359,
    "count": 1,
    "self": 0.004267200000015237,
    "children": {
        "run_training.setup": {
            "total": 0.004530499999999993,
            "count": 1,
            "self": 0.004530499999999993
        },
        "TrainerController.start_learning": {
            "total": 243.2242382,
            "count": 1,
            "self": 0.7564195999996457,
            "children": {
                "TrainerController._reset_env": {
                    "total": 11.2875381,
                    "count": 1,
                    "self": 11.2875381
                },
                "TrainerController.advance": {
                    "total": 230.61478330000034,
                    "count": 34395,
                    "self": 0.3666057999988652,
                    "children": {
                        "env_step": {
                            "total": 230.24817750000147,
                            "count": 34395,
                            "self": 179.27042000000233,
                            "children": {
                                "SubprocessEnvManager._take_step": {
                                    "total": 50.62987490000053,
                                    "count": 34395,
                                    "self": 1.3663247000044976,
                                    "children": {
                                        "TFPolicy.evaluate": {
                                            "total": 49.26355019999603,
                                            "count": 68768,
                                            "self": 49.26355019999603
                                        }
                                    }
                                },
                                "workers": {
                                    "total": 0.3478825999986057,
                                    "count": 34394,
                                    "self": 0.0,
                                    "children": {
                                        "worker_root": {
                                            "total": 235.18254430000064,
                                            "count": 34394,
                                            "is_parallel": true,
                                            "self": 90.64061679999759,
                                            "children": {
                                                "steps_from_proto": {
                                                    "total": 0.0005638000000010024,
                                                    "count": 2,
                                                    "is_parallel": true,
                                                    "self": 0.00023940000000077788,
                                                    "children": {
                                                        "_process_vector_observation": {
                                                            "total": 0.0003244000000002245,
                                                            "count": 8,
                                                            "is_parallel": true,
                                                            "self": 0.0003244000000002245
                                                        }
                                                    }
                                                },
                                                "UnityEnvironment.step": {
                                                    "total": 144.54136370000305,
                                                    "count": 34394,
                                                    "is_parallel": true,
                                                    "self": 3.3220459000000346,
                                                    "children": {
                                                        "UnityEnvironment._generate_step_input": {
                                                            "total": 1.841315400000429,
                                                            "count": 34394,
                                                            "is_parallel": true,
                                                            "self": 1.841315400000429
                                                        },
                                                        "communicator.exchange": {
                                                            "total": 122.28332060000142,
                                                            "count": 34394,
                                                            "is_parallel": true,
                                                            "self": 122.28332060000142
                                                        },
                                                        "steps_from_proto": {
                                                            "total": 17.094681800001176,
                                                            "count": 68788,
                                                            "is_parallel": true,
                                                            "self": 7.482845299993825,
                                                            "children": {
                                                                "_process_vector_observation": {
                                                                    "total": 9.611836500007351,
                                                                    "count": 275152,
                                                                    "is_parallel": true,
                                                                    "self": 9.611836500007351
                                                                }
                                                            }
                                                        }
                                                    }
                                                }
                                            }
                                        }
                                    }
                                }
                            }
                        }
                    }
                },
                "trainer_threads": {
                    "total": 3.720000000839718e-05,
                    "count": 1,
                    "self": 3.720000000839718e-05,
                    "children": {
                        "thread_root": {
                            "total": 0.0,
                            "count": 0,
                            "is_parallel": true,
                            "self": 0.0,
                            "children": {
                                "trainer_advance": {
                                    "total": 231.04160149999862,
                                    "count": 72191,
                                    "is_parallel": true,
                                    "self": 96.88584799999555,