{
    "name": "root",
    "metadata": {
        "timer_format_version": "0.1.0",
        "start_time_seconds": "1605291834",
        "python_version": "3.7.9 (tags/v3.7.9:13c94747c7, Aug 17 2020, 18:58:18) [MSC v.1900 64 bit (AMD64)]",
        "command_line_arguments": "C:\\Users\\patte\\AppData\\Local\\Programs\\Python\\Python37\\Scripts\\mlagents-learn config/agent_config.yaml --run-id=Nov13Test1 --force",
        "mlagents_version": "0.20.0",
        "mlagents_envs_version": "0.20.0",
        "communication_protocol_version": "1.1.0",
        "tensorflow_version": "2.3.1",
        "numpy_version": "1.18.5",
        "end_time_seconds": "1605291858"
    },
    "total": 24.664805100000002,
    "count": 1,
    "self": 0.004145300000001129,
    "children": {
        "run_training.setup": {
            "total": 0.009759400000000085,
            "count": 1,
            "self": 0.009759400000000085
        },
        "TrainerController.start_learning": {
            "total": 24.6509004,
            "count": 1,
            "self": 0.034092499999992754,
            "children": {
                "TrainerController._reset_env": {
                    "total": 12.7197155,
                    "count": 1,
                    "self": 12.7197155
                },
                "TrainerController.advance": {
                    "total": 11.200281700000009,
                    "count": 862,
                    "self": 0.011250300000023472,
                    "children": {
                        "env_step": {
                            "total": 11.189031399999985,
                            "count": 862,
                            "self": 9.480725699999994,
                            "children": {
                                "SubprocessEnvManager._take_step": {
                                    "total": 1.697904699999972,
                                    "count": 862,
                                    "self": 0.04780920000003164,
                                    "children": {
                                        "TFPolicy.evaluate": {
                                            "total": 1.6500954999999404,
                                            "count": 1724,
                                            "self": 1.6500954999999404
                                        }
                                    }
                                },
                                "workers": {
                                    "total": 0.010401000000019422,
                                    "count": 861,
                                    "self": 0.0,
                                    "children": {
                                        "worker_root": {
                                            "total": 17.11762739999997,
                                            "count": 861,
                                            "is_parallel": true,
                                            "self": 8.817235799999999,
                                            "children": {
                                                "steps_from_proto": {
                                                    "total": 0.0005710999999992694,
                                                    "count": 2,
                                                    "is_parallel": true,
                                                    "self": 0.00024250000000058947,
                                                    "children": {
                                                        "_process_vector_observation": {
                                                            "total": 0.00032859999999867995,
                                                            "count": 8,
                                                            "is_parallel": true,
                                                            "self": 0.00032859999999867995
                                                        }
                                                    }
                                                },
                                                "UnityEnvironment.step": {
                                                    "total": 8.299820499999973,
                                                    "count": 861,
                                                    "is_parallel": true,
                                                    "self": 0.10655329999989505,
                                                    "children": {
                                                        "UnityEnvironment._generate_step_input": {
                                                            "total": 0.06974010000002906,
                                                            "count": 861,
                                                            "is_parallel": true,
                                                            "self": 0.06974010000002906
                                                        },
                                                        "communicator.exchange": {
                                                            "total": 7.638913699999996,
                                                            "count": 861,
                                                            "is_parallel": true,
                                                            "self": 7.638913699999996
                                                        },
                                                        "steps_from_proto": {
                                                            "total": 0.48461340000005215,
                                                            "count": 1722,
                                                            "is_parallel": true,
                                                            "self": 0.21264660000003133,
                                                            "children": {
                                                                "_process_vector_observation": {
                                                                    "total": 0.2719668000000208,
                                                                    "count": 6888,
                                                                    "is_parallel": true,
                                                                    "self": 0.2719668000000208
                                                                }
                                                            }
                                                        }
                                                    }
                                                }
                                            }
                                        }
                                    }
                                }
                            }
                        }
                    }
                },
                "trainer_threads": {
                    "total": 1.430000000013365e-05,
                    "count": 1,
                    "self": 1.430000000013365e-05,
                    "children": {
                        "thread_root": {
                            "total": 0.0,
                            "count": 0,
                            "is_parallel": true,
                            "self": 0.0,
                            "children": {
                                "trainer_advance": {
                                    "total": 11.778899499999945,
                                    "count": 3446,
                                    "is_parallel": true,
                                    "self": 5.9766344999998235,