{"count":1,"self":32.4698432,"total":32.7337156,"children":{"InitializeActuators":{"count":2,"self":0.0039873999999999995,"total":0.0039873999999999995,"children":null},"InitializeSensors":{"count":2,"self":0.0039561,"total":0.0039561,"children":null},"AgentSendState":{"count":1391,"self":0.0500577,"total":0.152084,"children":{"CollectObservations":{"count":558,"self":0.0069299999999999995,"total":0.0069299999999999995,"children":null},"CollectDiscreteActionMasks":{"count":558,"self":0.0019619999999999998,"total":0.0019619999999999998,"children":null},"RequestDecision":{"count":558,"self":0.022094199999999998,"total":0.093134299999999989,"children":{"RayPerceptionSensor.Perceive":{"count":558,"self":0.0710401,"total":0.0710401,"children":null}}}}},"DecideAction":{"count":1391,"self":0.062872799999999993,"total":0.062872799999999993,"children":null},"AgentAct":{"count":1391,"self":0.0399758,"total":0.0399758,"children":null}},"gauges":{},"metadata":{"timer_format_version":"0.1.0","start_time_seconds":"1605364544","unity_version":"2019.4.11f1","command_line_arguments":"C:\\Program Files\\Unity\\Hub\\Editor\\2019.4.11f1\\Editor\\Unity.exe -projectpath C:\/Jason\/cogs300-unity-lab\/cogs300-robot-tournament\/cogs300-final-project -useHub -hubIPC -cloudEnvironment production -hubSessionId e9b527f0-2496-11eb-a768-a9224ca5f396 -accessToken IAmBxdvkPIh06TsLcI4M7dlVcYBN7J8qi8J896yN8rI003f","communication_protocol_version":"1.2.0","com.unity.ml-agents_version":"1.5.0-preview","scene_name":"AgentTraining","end_time_seconds":"1605364577"}}