{"count":1,"self":23.996278399999998,"total":24.5560197,"children":{"InitializeActuators":{"count":2,"self":0.0039886999999999995,"total":0.0039886999999999995,"children":null},"InitializeSensors":{"count":2,"self":0.0029920999999999997,"total":0.0029920999999999997,"children":null},"AgentSendState":{"count":972,"self":0.11193829999999999,"total":0.3518542,"children":{"CollectObservations":{"count":648,"self":0.0379268,"total":0.0379268,"children":null},"CollectDiscreteActionMasks":{"count":648,"self":0.012957199999999999,"total":0.012957199999999999,"children":null},"RequestDecision":{"count":648,"self":0.0434223,"total":0.1890319,"children":{"RayPerceptionSensor.Perceive":{"count":648,"self":0.1456096,"total":0.1456096,"children":null}}}}},"DecideAction":{"count":972,"self":0.13471349999999999,"total":0.13471349999999999,"children":null},"AgentAct":{"count":972,"self":0.0641986,"total":0.0641986,"children":null}},"gauges":{},"metadata":{"timer_format_version":"0.1.0","start_time_seconds":"1605312925","unity_version":"2019.4.11f1","command_line_arguments":"C:\\Program Files\\Unity\\Hub\\Editor\\2019.4.11f1\\Editor\\Unity.exe -projectpath C:\/Jason\/cogs300-unity-lab\/cogs300-robot-tournament\/cogs300-final-project -useHub -hubIPC -cloudEnvironment production -hubSessionId e9b527f0-2496-11eb-a768-a9224ca5f396 -accessToken ya3b2AO8OpWiPuE9XxvINjz-uv11Sh5rwVOUvt8xF38003f","communication_protocol_version":"1.2.0","com.unity.ml-agents_version":"1.5.0-preview","scene_name":"MyAgentTesting","end_time_seconds":"1605312950"}}