{"cameraMode":{"drawMode":0,"name":"Shaded","section":"Shading Mode"},"sceneLighting":true,"audioPlay":false,"sceneViewState":{"showFog":true,"showMaterialUpdate":false,"showSkybox":true,"showFlares":true,"showImageEffects":true,"showParticleSystems":true},"in2DMode":false,"pivot":{"x":0.09930419921875,"y":7.887922286987305,"z":-0.29108428955078127},"rotation":{"x":-0.3200751543045044,"y":-0.0022765453904867174,"z":0.0007690392667427659,"w":-0.9473900198936462},"size":44.65423583984375,"orthographic":false}