{"cameraMode":{"drawMode":0,"name":"Shaded","section":"Shading Mode"},"sceneLighting":false,"audioPlay":false,"sceneViewState":{"showFog":true,"showMaterialUpdate":false,"showSkybox":false,"showFlares":true,"showImageEffects":true,"showParticleSystems":true},"in2DMode":false,"pivot":{"x":19.23316192626953,"y":5.321642875671387,"z":-11.064143180847168},"rotation":{"x":0.16435635089874268,"y":-0.8213050365447998,"z":0.29268696904182436,"w":0.4613528549671173},"size":20.5706787109375,"orthographic":false}