{"cameraMode":{"drawMode":0,"name":"Shaded","section":"Shading Mode"},"sceneLighting":true,"audioPlay":false,"sceneViewState":{"showFog":true,"showMaterialUpdate":false,"showSkybox":true,"showFlares":true,"showImageEffects":true,"showParticleSystems":true},"in2DMode":false,"pivot":{"x":25.830368041992189,"y":19.30120086669922,"z":5.562261581420898},"rotation":{"x":0.3564227819442749,"y":-0.615629255771637,"z":0.3655361831188202,"w":0.600304365158081},"size":14.73740005493164,"orthographic":false}